sim_id,created_at,iteration,projectName,modelName,designName,type,layers,params,paramValues,units,fMin(GHz),fMax(GHz,metric,freq,value,fMax(GHz)
c199213c-d8c0-11ef-aefe-047c16a08772,2025-01-22,0,meta-atom_cross_01_datageneration_v2,cross_01_freq_reflect_v2,HFSSDesign1,Reflective,"{'conductor': {'thickness': 0.035, 'material': 'copper'}, 'conductor2': {'thickness': 0, 'material': 'pec'}, 'substrate': {'thickness': 0.508, 'material': 'Rogers RT/duroid 5880 (tm)'}}","['arm_w', 'arm_l', 'zSize', 'zSustrato', 'Sustrato']","[1.438, 3.7, 0.035, 0.508, 5.002]",mm,30.0,,"{'ReflectanceTE': '(mag(S(FloquetPort1:1,FloquetPort1:1)))^2', 'ReflectanceTM': '(mag(S(FloquetPort1:2,FloquetPort1:2)))^2', 'TransmittanceTE': '(mag(S(FloquetPort2:1,FloquetPort1:1)))^2', 'TransmittanceTM': '(mag(S(FloquetPort2:2,FloquetPort1:2)))^2', 'AbsorbanceTE': '1-((mag(S(FloquetPort1:1,FloquetPort1:1)))^2 +(mag(S(FloquetPort2:1,FloquetPort1:1)))^2)', 'AbsorbanceTM': '1-((mag(S(FloquetPort1:2,FloquetPort1:2)))^2 +(mag(S(FloquetPort2:2,FloquetPort1:2)))^2)'}",,,90.0
c199213c-d8c0-11ef-aefe-047c16a08772,2025-01-22,1,meta-atom_cross_01_datageneration_v2,cross_01_freq_reflect_v2,HFSSDesign1,Reflective,"{'conductor': {'thickness': 0.035, 'material': 'copper'}, 'conductor2': {'thickness': 0, 'material': 'pec'}, 'substrate': {'thickness': 0.508, 'material': 'Rogers RT/duroid 5880 (tm)'}}","['arm_w', 'arm_l', 'zSize', 'zSustrato', 'Sustrato']","[1.223, 3.7, 0.035, 0.508, 5.084]",mm,30.0,,"{'ReflectanceTE': '(mag(S(FloquetPort1:1,FloquetPort1:1)))^2', 'ReflectanceTM': '(mag(S(FloquetPort1:2,FloquetPort1:2)))^2', 'TransmittanceTE': '(mag(S(FloquetPort2:1,FloquetPort1:1)))^2', 'TransmittanceTM': '(mag(S(FloquetPort2:2,FloquetPort1:2)))^2', 'AbsorbanceTE': '1-((mag(S(FloquetPort1:1,FloquetPort1:1)))^2 +(mag(S(FloquetPort2:1,FloquetPort1:1)))^2)', 'AbsorbanceTM': '1-((mag(S(FloquetPort1:2,FloquetPort1:2)))^2 +(mag(S(FloquetPort2:2,FloquetPort1:2)))^2)'}",,,90.0
c199213c-d8c0-11ef-aefe-047c16a08772,2025-01-22,2,meta-atom_cross_01_datageneration_v2,cross_01_freq_reflect_v2,HFSSDesign1,Reflective,"{'conductor': {'thickness': 0.035, 'material': 'copper'}, 'conductor2': {'thickness': 0, 'material': 'pec'}, 'substrate': {'thickness': 0.508, 'material': 'Rogers RT/duroid 5880 (tm)'}}","['arm_w', 'arm_l', 'zSize', 'zSustrato', 'Sustrato']","[1.225, 3.7, 0.035, 0.508, 4.855]",mm,30.0,,"{'ReflectanceTE': '(mag(S(FloquetPort1:1,FloquetPort1:1)))^2', 'ReflectanceTM': '(mag(S(FloquetPort1:2,FloquetPort1:2)))^2', 'TransmittanceTE': '(mag(S(FloquetPort2:1,FloquetPort1:1)))^2', 'TransmittanceTM': '(mag(S(FloquetPort2:2,FloquetPort1:2)))^2', 'AbsorbanceTE': '1-((mag(S(FloquetPort1:1,FloquetPort1:1)))^2 +(mag(S(FloquetPort2:1,FloquetPort1:1)))^2)', 'AbsorbanceTM': '1-((mag(S(FloquetPort1:2,FloquetPort1:2)))^2 +(mag(S(FloquetPort2:2,FloquetPort1:2)))^2)'}",,,90.0
c199213c-d8c0-11ef-aefe-047c16a08772,2025-01-22,3,meta-atom_cross_01_datageneration_v2,cross_01_freq_reflect_v2,HFSSDesign1,Reflective,"{'conductor': {'thickness': 0.035, 'material': 'copper'}, 'conductor2': {'thickness': 0, 'material': 'pec'}, 'substrate': {'thickness': 0.508, 'material': 'Rogers RT/duroid 5880 (tm)'}}","['arm_w', 'arm_l', 'zSize', 'zSustrato', 'Sustrato']","[1.41, 3.7, 0.035, 0.508, 4.866]",mm,30.0,,"{'ReflectanceTE': '(mag(S(FloquetPort1:1,FloquetPort1:1)))^2', 'ReflectanceTM': '(mag(S(FloquetPort1:2,FloquetPort1:2)))^2', 'TransmittanceTE': '(mag(S(FloquetPort2:1,FloquetPort1:1)))^2', 'TransmittanceTM': '(mag(S(FloquetPort2:2,FloquetPort1:2)))^2', 'AbsorbanceTE': '1-((mag(S(FloquetPort1:1,FloquetPort1:1)))^2 +(mag(S(FloquetPort2:1,FloquetPort1:1)))^2)', 'AbsorbanceTM': '1-((mag(S(FloquetPort1:2,FloquetPort1:2)))^2 +(mag(S(FloquetPort2:2,FloquetPort1:2)))^2)'}",,,90.0
c199213c-d8c0-11ef-aefe-047c16a08772,2025-01-22,4,meta-atom_cross_01_datageneration_v2,cross_01_freq_reflect_v2,HFSSDesign1,Reflective,"{'conductor': {'thickness': 0.035, 'material': 'copper'}, 'conductor2': {'thickness': 0, 'material': 'pec'}, 'substrate': {'thickness': 0.508, 'material': 'Rogers RT/duroid 5880 (tm)'}}","['arm_w', 'arm_l', 'zSize', 'zSustrato', 'Sustrato']","[1.225, 3.7, 0.035, 0.508, 5.059]",mm,30.0,,"{'ReflectanceTE': '(mag(S(FloquetPort1:1,FloquetPort1:1)))^2', 'ReflectanceTM': '(mag(S(FloquetPort1:2,FloquetPort1:2)))^2', 'TransmittanceTE': '(mag(S(FloquetPort2:1,FloquetPort1:1)))^2', 'TransmittanceTM': '(mag(S(FloquetPort2:2,FloquetPort1:2)))^2', 'AbsorbanceTE': '1-((mag(S(FloquetPort1:1,FloquetPort1:1)))^2 +(mag(S(FloquetPort2:1,FloquetPort1:1)))^2)', 'AbsorbanceTM': '1-((mag(S(FloquetPort1:2,FloquetPort1:2)))^2 +(mag(S(FloquetPort2:2,FloquetPort1:2)))^2)'}",,,90.0
c199213c-d8c0-11ef-aefe-047c16a08772,2025-01-22,5,meta-atom_cross_01_datageneration_v2,cross_01_freq_reflect_v2,HFSSDesign1,Reflective,"{'conductor': {'thickness': 0.035, 'material': 'copper'}, 'conductor2': {'thickness': 0, 'material': 'pec'}, 'substrate': {'thickness': 0.508, 'material': 'Rogers RT/duroid 5880 (tm)'}}","['arm_w', 'arm_l', 'zSize', 'zSustrato', 'Sustrato']","[1.236, 3.7, 0.035, 0.508, 5.115]",mm,30.0,,"{'ReflectanceTE': '(mag(S(FloquetPort1:1,FloquetPort1:1)))^2', 'ReflectanceTM': '(mag(S(FloquetPort1:2,FloquetPort1:2)))^2', 'TransmittanceTE': '(mag(S(FloquetPort2:1,FloquetPort1:1)))^2', 'TransmittanceTM': '(mag(S(FloquetPort2:2,FloquetPort1:2)))^2', 'AbsorbanceTE': '1-((mag(S(FloquetPort1:1,FloquetPort1:1)))^2 +(mag(S(FloquetPort2:1,FloquetPort1:1)))^2)', 'AbsorbanceTM': '1-((mag(S(FloquetPort1:2,FloquetPort1:2)))^2 +(mag(S(FloquetPort2:2,FloquetPort1:2)))^2)'}",,,90.0
c199213c-d8c0-11ef-aefe-047c16a08772,2025-01-22,6,meta-atom_cross_01_datageneration_v2,cross_01_freq_reflect_v2,HFSSDesign1,Reflective,"{'conductor': {'thickness': 0.035, 'material': 'copper'}, 'conductor2': {'thickness': 0, 'material': 'pec'}, 'substrate': {'thickness': 0.508, 'material': 'Rogers RT/duroid 5880 (tm)'}}","['arm_w', 'arm_l', 'zSize', 'zSustrato', 'Sustrato']","[1.472, 3.7, 0.035, 0.508, 5.055]",mm,30.0,,"{'ReflectanceTE': '(mag(S(FloquetPort1:1,FloquetPort1:1)))^2', 'ReflectanceTM': '(mag(S(FloquetPort1:2,FloquetPort1:2)))^2', 'TransmittanceTE': '(mag(S(FloquetPort2:1,FloquetPort1:1)))^2', 'TransmittanceTM': '(mag(S(FloquetPort2:2,FloquetPort1:2)))^2', 'AbsorbanceTE': '1-((mag(S(FloquetPort1:1,FloquetPort1:1)))^2 +(mag(S(FloquetPort2:1,FloquetPort1:1)))^2)', 'AbsorbanceTM': '1-((mag(S(FloquetPort1:2,FloquetPort1:2)))^2 +(mag(S(FloquetPort2:2,FloquetPort1:2)))^2)'}",,,90.0
c199213c-d8c0-11ef-aefe-047c16a08772,2025-01-22,7,meta-atom_cross_01_datageneration_v2,cross_01_freq_reflect_v2,HFSSDesign1,Reflective,"{'conductor': {'thickness': 0.035, 'material': 'copper'}, 'conductor2': {'thickness': 0, 'material': 'pec'}, 'substrate': {'thickness': 0.508, 'material': 'Rogers RT/duroid 5880 (tm)'}}","['arm_w', 'arm_l', 'zSize', 'zSustrato', 'Sustrato']","[1.405, 3.7, 0.035, 0.508, 4.944]",mm,30.0,,"{'ReflectanceTE': '(mag(S(FloquetPort1:1,FloquetPort1:1)))^2', 'ReflectanceTM': '(mag(S(FloquetPort1:2,FloquetPort1:2)))^2', 'TransmittanceTE': '(mag(S(FloquetPort2:1,FloquetPort1:1)))^2', 'TransmittanceTM': '(mag(S(FloquetPort2:2,FloquetPort1:2)))^2', 'AbsorbanceTE': '1-((mag(S(FloquetPort1:1,FloquetPort1:1)))^2 +(mag(S(FloquetPort2:1,FloquetPort1:1)))^2)', 'AbsorbanceTM': '1-((mag(S(FloquetPort1:2,FloquetPort1:2)))^2 +(mag(S(FloquetPort2:2,FloquetPort1:2)))^2)'}",,,90.0
c199213c-d8c0-11ef-aefe-047c16a08772,2025-01-22,8,meta-atom_cross_01_datageneration_v2,cross_01_freq_reflect_v2,HFSSDesign1,Reflective,"{'conductor': {'thickness': 0.035, 'material': 'copper'}, 'conductor2': {'thickness': 0, 'material': 'pec'}, 'substrate': {'thickness': 0.508, 'material': 'Rogers RT/duroid 5880 (tm)'}}","['arm_w', 'arm_l', 'zSize', 'zSustrato', 'Sustrato']","[1.279, 3.7, 0.035, 0.508, 5.142]",mm,30.0,,"{'ReflectanceTE': '(mag(S(FloquetPort1:1,FloquetPort1:1)))^2', 'ReflectanceTM': '(mag(S(FloquetPort1:2,FloquetPort1:2)))^2', 'TransmittanceTE': '(mag(S(FloquetPort2:1,FloquetPort1:1)))^2', 'TransmittanceTM': '(mag(S(FloquetPort2:2,FloquetPort1:2)))^2', 'AbsorbanceTE': '1-((mag(S(FloquetPort1:1,FloquetPort1:1)))^2 +(mag(S(FloquetPort2:1,FloquetPort1:1)))^2)', 'AbsorbanceTM': '1-((mag(S(FloquetPort1:2,FloquetPort1:2)))^2 +(mag(S(FloquetPort2:2,FloquetPort1:2)))^2)'}",,,90.0
c199213c-d8c0-11ef-aefe-047c16a08772,2025-01-22,9,meta-atom_cross_01_datageneration_v2,cross_01_freq_reflect_v2,HFSSDesign1,Reflective,"{'conductor': {'thickness': 0.035, 'material': 'copper'}, 'conductor2': {'thickness': 0, 'material': 'pec'}, 'substrate': {'thickness': 0.508, 'material': 'Rogers RT/duroid 5880 (tm)'}}","['arm_w', 'arm_l', 'zSize', 'zSustrato', 'Sustrato']","[1.312, 3.7, 0.035, 0.508, 5.021]",mm,30.0,,"{'ReflectanceTE': '(mag(S(FloquetPort1:1,FloquetPort1:1)))^2', 'ReflectanceTM': '(mag(S(FloquetPort1:2,FloquetPort1:2)))^2', 'TransmittanceTE': '(mag(S(FloquetPort2:1,FloquetPort1:1)))^2', 'TransmittanceTM': '(mag(S(FloquetPort2:2,FloquetPort1:2)))^2', 'AbsorbanceTE': '1-((mag(S(FloquetPort1:1,FloquetPort1:1)))^2 +(mag(S(FloquetPort2:1,FloquetPort1:1)))^2)', 'AbsorbanceTM': '1-((mag(S(FloquetPort1:2,FloquetPort1:2)))^2 +(mag(S(FloquetPort2:2,FloquetPort1:2)))^2)'}",,,90.0
c199213c-d8c0-11ef-aefe-047c16a08772,2025-01-22,10,meta-atom_cross_01_datageneration_v2,cross_01_freq_reflect_v2,HFSSDesign1,Reflective,"{'conductor': {'thickness': 0.035, 'material': 'copper'}, 'conductor2': {'thickness': 0, 'material': 'pec'}, 'substrate': {'thickness': 0.508, 'material': 'Rogers RT/duroid 5880 (tm)'}}","['arm_w', 'arm_l', 'zSize', 'zSustrato', 'Sustrato']","[1.393, 3.7, 0.035, 0.508, 4.927]",mm,30.0,,"{'ReflectanceTE': '(mag(S(FloquetPort1:1,FloquetPort1:1)))^2', 'ReflectanceTM': '(mag(S(FloquetPort1:2,FloquetPort1:2)))^2', 'TransmittanceTE': '(mag(S(FloquetPort2:1,FloquetPort1:1)))^2', 'TransmittanceTM': '(mag(S(FloquetPort2:2,FloquetPort1:2)))^2', 'AbsorbanceTE': '1-((mag(S(FloquetPort1:1,FloquetPort1:1)))^2 +(mag(S(FloquetPort2:1,FloquetPort1:1)))^2)', 'AbsorbanceTM': '1-((mag(S(FloquetPort1:2,FloquetPort1:2)))^2 +(mag(S(FloquetPort2:2,FloquetPort1:2)))^2)'}",,,90.0
c199213c-d8c0-11ef-aefe-047c16a08772,2025-01-22,11,meta-atom_cross_01_datageneration_v2,cross_01_freq_reflect_v2,HFSSDesign1,Reflective,"{'conductor': {'thickness': 0.035, 'material': 'copper'}, 'conductor2': {'thickness': 0, 'material': 'pec'}, 'substrate': {'thickness': 0.508, 'material': 'Rogers RT/duroid 5880 (tm)'}}","['arm_w', 'arm_l', 'zSize', 'zSustrato', 'Sustrato']","[1.349, 3.7, 0.035, 0.508, 5.128]",mm,30.0,,"{'ReflectanceTE': '(mag(S(FloquetPort1:1,FloquetPort1:1)))^2', 'ReflectanceTM': '(mag(S(FloquetPort1:2,FloquetPort1:2)))^2', 'TransmittanceTE': '(mag(S(FloquetPort2:1,FloquetPort1:1)))^2', 'TransmittanceTM': '(mag(S(FloquetPort2:2,FloquetPort1:2)))^2', 'AbsorbanceTE': '1-((mag(S(FloquetPort1:1,FloquetPort1:1)))^2 +(mag(S(FloquetPort2:1,FloquetPort1:1)))^2)', 'AbsorbanceTM': '1-((mag(S(FloquetPort1:2,FloquetPort1:2)))^2 +(mag(S(FloquetPort2:2,FloquetPort1:2)))^2)'}",,,90.0
c199213c-d8c0-11ef-aefe-047c16a08772,2025-01-22,12,meta-atom_cross_01_datageneration_v2,cross_01_freq_reflect_v2,HFSSDesign1,Reflective,"{'conductor': {'thickness': 0.035, 'material': 'copper'}, 'conductor2': {'thickness': 0, 'material': 'pec'}, 'substrate': {'thickness': 0.508, 'material': 'Rogers RT/duroid 5880 (tm)'}}","['arm_w', 'arm_l', 'zSize', 'zSustrato', 'Sustrato']","[1.376, 3.7, 0.035, 0.508, 5.05]",mm,30.0,,"{'ReflectanceTE': '(mag(S(FloquetPort1:1,FloquetPort1:1)))^2', 'ReflectanceTM': '(mag(S(FloquetPort1:2,FloquetPort1:2)))^2', 'TransmittanceTE': '(mag(S(FloquetPort2:1,FloquetPort1:1)))^2', 'TransmittanceTM': '(mag(S(FloquetPort2:2,FloquetPort1:2)))^2', 'AbsorbanceTE': '1-((mag(S(FloquetPort1:1,FloquetPort1:1)))^2 +(mag(S(FloquetPort2:1,FloquetPort1:1)))^2)', 'AbsorbanceTM': '1-((mag(S(FloquetPort1:2,FloquetPort1:2)))^2 +(mag(S(FloquetPort2:2,FloquetPort1:2)))^2)'}",,,90.0
c199213c-d8c0-11ef-aefe-047c16a08772,2025-01-22,13,meta-atom_cross_01_datageneration_v2,cross_01_freq_reflect_v2,HFSSDesign1,Reflective,"{'conductor': {'thickness': 0.035, 'material': 'copper'}, 'conductor2': {'thickness': 0, 'material': 'pec'}, 'substrate': {'thickness': 0.508, 'material': 'Rogers RT/duroid 5880 (tm)'}}","['arm_w', 'arm_l', 'zSize', 'zSustrato', 'Sustrato']","[1.396, 3.7, 0.035, 0.508, 5.081]",mm,30.0,,"{'ReflectanceTE': '(mag(S(FloquetPort1:1,FloquetPort1:1)))^2', 'ReflectanceTM': '(mag(S(FloquetPort1:2,FloquetPort1:2)))^2', 'TransmittanceTE': '(mag(S(FloquetPort2:1,FloquetPort1:1)))^2', 'TransmittanceTM': '(mag(S(FloquetPort2:2,FloquetPort1:2)))^2', 'AbsorbanceTE': '1-((mag(S(FloquetPort1:1,FloquetPort1:1)))^2 +(mag(S(FloquetPort2:1,FloquetPort1:1)))^2)', 'AbsorbanceTM': '1-((mag(S(FloquetPort1:2,FloquetPort1:2)))^2 +(mag(S(FloquetPort2:2,FloquetPort1:2)))^2)'}",,,90.0
c199213c-d8c0-11ef-aefe-047c16a08772,2025-01-22,14,meta-atom_cross_01_datageneration_v2,cross_01_freq_reflect_v2,HFSSDesign1,Reflective,"{'conductor': {'thickness': 0.035, 'material': 'copper'}, 'conductor2': {'thickness': 0, 'material': 'pec'}, 'substrate': {'thickness': 0.508, 'material': 'Rogers RT/duroid 5880 (tm)'}}","['arm_w', 'arm_l', 'zSize', 'zSustrato', 'Sustrato']","[1.446, 3.7, 0.035, 0.508, 5.104]",mm,30.0,,"{'ReflectanceTE': '(mag(S(FloquetPort1:1,FloquetPort1:1)))^2', 'ReflectanceTM': '(mag(S(FloquetPort1:2,FloquetPort1:2)))^2', 'TransmittanceTE': '(mag(S(FloquetPort2:1,FloquetPort1:1)))^2', 'TransmittanceTM': '(mag(S(FloquetPort2:2,FloquetPort1:2)))^2', 'AbsorbanceTE': '1-((mag(S(FloquetPort1:1,FloquetPort1:1)))^2 +(mag(S(FloquetPort2:1,FloquetPort1:1)))^2)', 'AbsorbanceTM': '1-((mag(S(FloquetPort1:2,FloquetPort1:2)))^2 +(mag(S(FloquetPort2:2,FloquetPort1:2)))^2)'}",,,90.0
c199213c-d8c0-11ef-aefe-047c16a08772,2025-01-22,15,meta-atom_cross_01_datageneration_v2,cross_01_freq_reflect_v2,HFSSDesign1,Reflective,"{'conductor': {'thickness': 0.035, 'material': 'copper'}, 'conductor2': {'thickness': 0, 'material': 'pec'}, 'substrate': {'thickness': 0.508, 'material': 'Rogers RT/duroid 5880 (tm)'}}","['arm_w', 'arm_l', 'zSize', 'zSustrato', 'Sustrato']","[1.347, 3.7, 0.035, 0.508, 4.922]",mm,30.0,,"{'ReflectanceTE': '(mag(S(FloquetPort1:1,FloquetPort1:1)))^2', 'ReflectanceTM': '(mag(S(FloquetPort1:2,FloquetPort1:2)))^2', 'TransmittanceTE': '(mag(S(FloquetPort2:1,FloquetPort1:1)))^2', 'TransmittanceTM': '(mag(S(FloquetPort2:2,FloquetPort1:2)))^2', 'AbsorbanceTE': '1-((mag(S(FloquetPort1:1,FloquetPort1:1)))^2 +(mag(S(FloquetPort2:1,FloquetPort1:1)))^2)', 'AbsorbanceTM': '1-((mag(S(FloquetPort1:2,FloquetPort1:2)))^2 +(mag(S(FloquetPort2:2,FloquetPort1:2)))^2)'}",,,90.0
c199213c-d8c0-11ef-aefe-047c16a08772,2025-01-22,16,meta-atom_cross_01_datageneration_v2,cross_01_freq_reflect_v2,HFSSDesign1,Reflective,"{'conductor': {'thickness': 0.035, 'material': 'copper'}, 'conductor2': {'thickness': 0, 'material': 'pec'}, 'substrate': {'thickness': 0.508, 'material': 'Rogers RT/duroid 5880 (tm)'}}","['arm_w', 'arm_l', 'zSize', 'zSustrato', 'Sustrato']","[1.468, 3.7, 0.035, 0.508, 5.097]",mm,30.0,,"{'ReflectanceTE': '(mag(S(FloquetPort1:1,FloquetPort1:1)))^2', 'ReflectanceTM': '(mag(S(FloquetPort1:2,FloquetPort1:2)))^2', 'TransmittanceTE': '(mag(S(FloquetPort2:1,FloquetPort1:1)))^2', 'TransmittanceTM': '(mag(S(FloquetPort2:2,FloquetPort1:2)))^2', 'AbsorbanceTE': '1-((mag(S(FloquetPort1:1,FloquetPort1:1)))^2 +(mag(S(FloquetPort2:1,FloquetPort1:1)))^2)', 'AbsorbanceTM': '1-((mag(S(FloquetPort1:2,FloquetPort1:2)))^2 +(mag(S(FloquetPort2:2,FloquetPort1:2)))^2)'}",,,90.0
c199213c-d8c0-11ef-aefe-047c16a08772,2025-01-22,17,meta-atom_cross_01_datageneration_v2,cross_01_freq_reflect_v2,HFSSDesign1,Reflective,"{'conductor': {'thickness': 0.035, 'material': 'copper'}, 'conductor2': {'thickness': 0, 'material': 'pec'}, 'substrate': {'thickness': 0.508, 'material': 'Rogers RT/duroid 5880 (tm)'}}","['arm_w', 'arm_l', 'zSize', 'zSustrato', 'Sustrato']","[1.37, 3.7, 0.035, 0.508, 4.946]",mm,30.0,,"{'ReflectanceTE': '(mag(S(FloquetPort1:1,FloquetPort1:1)))^2', 'ReflectanceTM': '(mag(S(FloquetPort1:2,FloquetPort1:2)))^2', 'TransmittanceTE': '(mag(S(FloquetPort2:1,FloquetPort1:1)))^2', 'TransmittanceTM': '(mag(S(FloquetPort2:2,FloquetPort1:2)))^2', 'AbsorbanceTE': '1-((mag(S(FloquetPort1:1,FloquetPort1:1)))^2 +(mag(S(FloquetPort2:1,FloquetPort1:1)))^2)', 'AbsorbanceTM': '1-((mag(S(FloquetPort1:2,FloquetPort1:2)))^2 +(mag(S(FloquetPort2:2,FloquetPort1:2)))^2)'}",,,90.0
c199213c-d8c0-11ef-aefe-047c16a08772,2025-01-22,18,meta-atom_cross_01_datageneration_v2,cross_01_freq_reflect_v2,HFSSDesign1,Reflective,"{'conductor': {'thickness': 0.035, 'material': 'copper'}, 'conductor2': {'thickness': 0, 'material': 'pec'}, 'substrate': {'thickness': 0.508, 'material': 'Rogers RT/duroid 5880 (tm)'}}","['arm_w', 'arm_l', 'zSize', 'zSustrato', 'Sustrato']","[1.2, 3.7, 0.035, 0.508, 4.962]",mm,30.0,,"{'ReflectanceTE': '(mag(S(FloquetPort1:1,FloquetPort1:1)))^2', 'ReflectanceTM': '(mag(S(FloquetPort1:2,FloquetPort1:2)))^2', 'TransmittanceTE': '(mag(S(FloquetPort2:1,FloquetPort1:1)))^2', 'TransmittanceTM': '(mag(S(FloquetPort2:2,FloquetPort1:2)))^2', 'AbsorbanceTE': '1-((mag(S(FloquetPort1:1,FloquetPort1:1)))^2 +(mag(S(FloquetPort2:1,FloquetPort1:1)))^2)', 'AbsorbanceTM': '1-((mag(S(FloquetPort1:2,FloquetPort1:2)))^2 +(mag(S(FloquetPort2:2,FloquetPort1:2)))^2)'}",,,90.0
c199213c-d8c0-11ef-aefe-047c16a08772,2025-01-22,19,meta-atom_cross_01_datageneration_v2,cross_01_freq_reflect_v2,HFSSDesign1,Reflective,"{'conductor': {'thickness': 0.035, 'material': 'copper'}, 'conductor2': {'thickness': 0, 'material': 'pec'}, 'substrate': {'thickness': 0.508, 'material': 'Rogers RT/duroid 5880 (tm)'}}","['arm_w', 'arm_l', 'zSize', 'zSustrato', 'Sustrato']","[1.239, 3.7, 0.035, 0.508, 5.104]",mm,30.0,,"{'ReflectanceTE': '(mag(S(FloquetPort1:1,FloquetPort1:1)))^2', 'ReflectanceTM': '(mag(S(FloquetPort1:2,FloquetPort1:2)))^2', 'TransmittanceTE': '(mag(S(FloquetPort2:1,FloquetPort1:1)))^2', 'TransmittanceTM': '(mag(S(FloquetPort2:2,FloquetPort1:2)))^2', 'AbsorbanceTE': '1-((mag(S(FloquetPort1:1,FloquetPort1:1)))^2 +(mag(S(FloquetPort2:1,FloquetPort1:1)))^2)', 'AbsorbanceTM': '1-((mag(S(FloquetPort1:2,FloquetPort1:2)))^2 +(mag(S(FloquetPort2:2,FloquetPort1:2)))^2)'}",,,90.0
c199213c-d8c0-11ef-aefe-047c16a08772,2025-01-22,20,meta-atom_cross_01_datageneration_v2,cross_01_freq_reflect_v2,HFSSDesign1,Reflective,"{'conductor': {'thickness': 0.035, 'material': 'copper'}, 'conductor2': {'thickness': 0, 'material': 'pec'}, 'substrate': {'thickness': 0.508, 'material': 'Rogers RT/duroid 5880 (tm)'}}","['arm_w', 'arm_l', 'zSize', 'zSustrato', 'Sustrato']","[1.235, 3.7, 0.035, 0.508, 4.864]",mm,30.0,,"{'ReflectanceTE': '(mag(S(FloquetPort1:1,FloquetPort1:1)))^2', 'ReflectanceTM': '(mag(S(FloquetPort1:2,FloquetPort1:2)))^2', 'TransmittanceTE': '(mag(S(FloquetPort2:1,FloquetPort1:1)))^2', 'TransmittanceTM': '(mag(S(FloquetPort2:2,FloquetPort1:2)))^2', 'AbsorbanceTE': '1-((mag(S(FloquetPort1:1,FloquetPort1:1)))^2 +(mag(S(FloquetPort2:1,FloquetPort1:1)))^2)', 'AbsorbanceTM': '1-((mag(S(FloquetPort1:2,FloquetPort1:2)))^2 +(mag(S(FloquetPort2:2,FloquetPort1:2)))^2)'}",,,90.0
c199213c-d8c0-11ef-aefe-047c16a08772,2025-01-22,21,meta-atom_cross_01_datageneration_v2,cross_01_freq_reflect_v2,HFSSDesign1,Reflective,"{'conductor': {'thickness': 0.035, 'material': 'copper'}, 'conductor2': {'thickness': 0, 'material': 'pec'}, 'substrate': {'thickness': 0.508, 'material': 'Rogers RT/duroid 5880 (tm)'}}","['arm_w', 'arm_l', 'zSize', 'zSustrato', 'Sustrato']","[1.319, 3.7, 0.035, 0.508, 5.096]",mm,30.0,,"{'ReflectanceTE': '(mag(S(FloquetPort1:1,FloquetPort1:1)))^2', 'ReflectanceTM': '(mag(S(FloquetPort1:2,FloquetPort1:2)))^2', 'TransmittanceTE': '(mag(S(FloquetPort2:1,FloquetPort1:1)))^2', 'TransmittanceTM': '(mag(S(FloquetPort2:2,FloquetPort1:2)))^2', 'AbsorbanceTE': '1-((mag(S(FloquetPort1:1,FloquetPort1:1)))^2 +(mag(S(FloquetPort2:1,FloquetPort1:1)))^2)', 'AbsorbanceTM': '1-((mag(S(FloquetPort1:2,FloquetPort1:2)))^2 +(mag(S(FloquetPort2:2,FloquetPort1:2)))^2)'}",,,90.0
c199213c-d8c0-11ef-aefe-047c16a08772,2025-01-22,22,meta-atom_cross_01_datageneration_v2,cross_01_freq_reflect_v2,HFSSDesign1,Reflective,"{'conductor': {'thickness': 0.035, 'material': 'copper'}, 'conductor2': {'thickness': 0, 'material': 'pec'}, 'substrate': {'thickness': 0.508, 'material': 'Rogers RT/duroid 5880 (tm)'}}","['arm_w', 'arm_l', 'zSize', 'zSustrato', 'Sustrato']","[1.304, 3.7, 0.035, 0.508, 5.124]",mm,30.0,,"{'ReflectanceTE': '(mag(S(FloquetPort1:1,FloquetPort1:1)))^2', 'ReflectanceTM': '(mag(S(FloquetPort1:2,FloquetPort1:2)))^2', 'TransmittanceTE': '(mag(S(FloquetPort2:1,FloquetPort1:1)))^2', 'TransmittanceTM': '(mag(S(FloquetPort2:2,FloquetPort1:2)))^2', 'AbsorbanceTE': '1-((mag(S(FloquetPort1:1,FloquetPort1:1)))^2 +(mag(S(FloquetPort2:1,FloquetPort1:1)))^2)', 'AbsorbanceTM': '1-((mag(S(FloquetPort1:2,FloquetPort1:2)))^2 +(mag(S(FloquetPort2:2,FloquetPort1:2)))^2)'}",,,90.0
c199213c-d8c0-11ef-aefe-047c16a08772,2025-01-22,23,meta-atom_cross_01_datageneration_v2,cross_01_freq_reflect_v2,HFSSDesign1,Reflective,"{'conductor': {'thickness': 0.035, 'material': 'copper'}, 'conductor2': {'thickness': 0, 'material': 'pec'}, 'substrate': {'thickness': 0.508, 'material': 'Rogers RT/duroid 5880 (tm)'}}","['arm_w', 'arm_l', 'zSize', 'zSustrato', 'Sustrato']","[1.441, 3.7, 0.035, 0.508, 4.946]",mm,30.0,,"{'ReflectanceTE': '(mag(S(FloquetPort1:1,FloquetPort1:1)))^2', 'ReflectanceTM': '(mag(S(FloquetPort1:2,FloquetPort1:2)))^2', 'TransmittanceTE': '(mag(S(FloquetPort2:1,FloquetPort1:1)))^2', 'TransmittanceTM': '(mag(S(FloquetPort2:2,FloquetPort1:2)))^2', 'AbsorbanceTE': '1-((mag(S(FloquetPort1:1,FloquetPort1:1)))^2 +(mag(S(FloquetPort2:1,FloquetPort1:1)))^2)', 'AbsorbanceTM': '1-((mag(S(FloquetPort1:2,FloquetPort1:2)))^2 +(mag(S(FloquetPort2:2,FloquetPort1:2)))^2)'}",,,90.0
c199213c-d8c0-11ef-aefe-047c16a08772,2025-01-22,24,meta-atom_cross_01_datageneration_v2,cross_01_freq_reflect_v2,HFSSDesign1,Reflective,"{'conductor': {'thickness': 0.035, 'material': 'copper'}, 'conductor2': {'thickness': 0, 'material': 'pec'}, 'substrate': {'thickness': 0.508, 'material': 'Rogers RT/duroid 5880 (tm)'}}","['arm_w', 'arm_l', 'zSize', 'zSustrato', 'Sustrato']","[1.202, 3.7, 0.035, 0.508, 5.055]",mm,30.0,,"{'ReflectanceTE': '(mag(S(FloquetPort1:1,FloquetPort1:1)))^2', 'ReflectanceTM': '(mag(S(FloquetPort1:2,FloquetPort1:2)))^2', 'TransmittanceTE': '(mag(S(FloquetPort2:1,FloquetPort1:1)))^2', 'TransmittanceTM': '(mag(S(FloquetPort2:2,FloquetPort1:2)))^2', 'AbsorbanceTE': '1-((mag(S(FloquetPort1:1,FloquetPort1:1)))^2 +(mag(S(FloquetPort2:1,FloquetPort1:1)))^2)', 'AbsorbanceTM': '1-((mag(S(FloquetPort1:2,FloquetPort1:2)))^2 +(mag(S(FloquetPort2:2,FloquetPort1:2)))^2)'}",,,90.0
c199213c-d8c0-11ef-aefe-047c16a08772,2025-01-22,25,meta-atom_cross_01_datageneration_v2,cross_01_freq_reflect_v2,HFSSDesign1,Reflective,"{'conductor': {'thickness': 0.035, 'material': 'copper'}, 'conductor2': {'thickness': 0, 'material': 'pec'}, 'substrate': {'thickness': 0.508, 'material': 'Rogers RT/duroid 5880 (tm)'}}","['arm_w', 'arm_l', 'zSize', 'zSustrato', 'Sustrato']","[1.246, 3.7, 0.035, 0.508, 5.062]",mm,30.0,,"{'ReflectanceTE': '(mag(S(FloquetPort1:1,FloquetPort1:1)))^2', 'ReflectanceTM': '(mag(S(FloquetPort1:2,FloquetPort1:2)))^2', 'TransmittanceTE': '(mag(S(FloquetPort2:1,FloquetPort1:1)))^2', 'TransmittanceTM': '(mag(S(FloquetPort2:2,FloquetPort1:2)))^2', 'AbsorbanceTE': '1-((mag(S(FloquetPort1:1,FloquetPort1:1)))^2 +(mag(S(FloquetPort2:1,FloquetPort1:1)))^2)', 'AbsorbanceTM': '1-((mag(S(FloquetPort1:2,FloquetPort1:2)))^2 +(mag(S(FloquetPort2:2,FloquetPort1:2)))^2)'}",,,90.0
c199213c-d8c0-11ef-aefe-047c16a08772,2025-01-22,26,meta-atom_cross_01_datageneration_v2,cross_01_freq_reflect_v2,HFSSDesign1,Reflective,"{'conductor': {'thickness': 0.035, 'material': 'copper'}, 'conductor2': {'thickness': 0, 'material': 'pec'}, 'substrate': {'thickness': 0.508, 'material': 'Rogers RT/duroid 5880 (tm)'}}","['arm_w', 'arm_l', 'zSize', 'zSustrato', 'Sustrato']","[1.308, 3.7, 0.035, 0.508, 4.864]",mm,30.0,,"{'ReflectanceTE': '(mag(S(FloquetPort1:1,FloquetPort1:1)))^2', 'ReflectanceTM': '(mag(S(FloquetPort1:2,FloquetPort1:2)))^2', 'TransmittanceTE': '(mag(S(FloquetPort2:1,FloquetPort1:1)))^2', 'TransmittanceTM': '(mag(S(FloquetPort2:2,FloquetPort1:2)))^2', 'AbsorbanceTE': '1-((mag(S(FloquetPort1:1,FloquetPort1:1)))^2 +(mag(S(FloquetPort2:1,FloquetPort1:1)))^2)', 'AbsorbanceTM': '1-((mag(S(FloquetPort1:2,FloquetPort1:2)))^2 +(mag(S(FloquetPort2:2,FloquetPort1:2)))^2)'}",,,90.0
c199213c-d8c0-11ef-aefe-047c16a08772,2025-01-22,27,meta-atom_cross_01_datageneration_v2,cross_01_freq_reflect_v2,HFSSDesign1,Reflective,"{'conductor': {'thickness': 0.035, 'material': 'copper'}, 'conductor2': {'thickness': 0, 'material': 'pec'}, 'substrate': {'thickness': 0.508, 'material': 'Rogers RT/duroid 5880 (tm)'}}","['arm_w', 'arm_l', 'zSize', 'zSustrato', 'Sustrato']","[1.326, 3.7, 0.035, 0.508, 4.921]",mm,30.0,,"{'ReflectanceTE': '(mag(S(FloquetPort1:1,FloquetPort1:1)))^2', 'ReflectanceTM': '(mag(S(FloquetPort1:2,FloquetPort1:2)))^2', 'TransmittanceTE': '(mag(S(FloquetPort2:1,FloquetPort1:1)))^2', 'TransmittanceTM': '(mag(S(FloquetPort2:2,FloquetPort1:2)))^2', 'AbsorbanceTE': '1-((mag(S(FloquetPort1:1,FloquetPort1:1)))^2 +(mag(S(FloquetPort2:1,FloquetPort1:1)))^2)', 'AbsorbanceTM': '1-((mag(S(FloquetPort1:2,FloquetPort1:2)))^2 +(mag(S(FloquetPort2:2,FloquetPort1:2)))^2)'}",,,90.0
c199213c-d8c0-11ef-aefe-047c16a08772,2025-01-22,28,meta-atom_cross_01_datageneration_v2,cross_01_freq_reflect_v2,HFSSDesign1,Reflective,"{'conductor': {'thickness': 0.035, 'material': 'copper'}, 'conductor2': {'thickness': 0, 'material': 'pec'}, 'substrate': {'thickness': 0.508, 'material': 'Rogers RT/duroid 5880 (tm)'}}","['arm_w', 'arm_l', 'zSize', 'zSustrato', 'Sustrato']","[1.368, 3.7, 0.035, 0.508, 5.139]",mm,30.0,,"{'ReflectanceTE': '(mag(S(FloquetPort1:1,FloquetPort1:1)))^2', 'ReflectanceTM': '(mag(S(FloquetPort1:2,FloquetPort1:2)))^2', 'TransmittanceTE': '(mag(S(FloquetPort2:1,FloquetPort1:1)))^2', 'TransmittanceTM': '(mag(S(FloquetPort2:2,FloquetPort1:2)))^2', 'AbsorbanceTE': '1-((mag(S(FloquetPort1:1,FloquetPort1:1)))^2 +(mag(S(FloquetPort2:1,FloquetPort1:1)))^2)', 'AbsorbanceTM': '1-((mag(S(FloquetPort1:2,FloquetPort1:2)))^2 +(mag(S(FloquetPort2:2,FloquetPort1:2)))^2)'}",,,90.0
c199213c-d8c0-11ef-aefe-047c16a08772,2025-01-22,29,meta-atom_cross_01_datageneration_v2,cross_01_freq_reflect_v2,HFSSDesign1,Reflective,"{'conductor': {'thickness': 0.035, 'material': 'copper'}, 'conductor2': {'thickness': 0, 'material': 'pec'}, 'substrate': {'thickness': 0.508, 'material': 'Rogers RT/duroid 5880 (tm)'}}","['arm_w', 'arm_l', 'zSize', 'zSustrato', 'Sustrato']","[1.238, 3.7, 0.035, 0.508, 4.943]",mm,30.0,,"{'ReflectanceTE': '(mag(S(FloquetPort1:1,FloquetPort1:1)))^2', 'ReflectanceTM': '(mag(S(FloquetPort1:2,FloquetPort1:2)))^2', 'TransmittanceTE': '(mag(S(FloquetPort2:1,FloquetPort1:1)))^2', 'TransmittanceTM': '(mag(S(FloquetPort2:2,FloquetPort1:2)))^2', 'AbsorbanceTE': '1-((mag(S(FloquetPort1:1,FloquetPort1:1)))^2 +(mag(S(FloquetPort2:1,FloquetPort1:1)))^2)', 'AbsorbanceTM': '1-((mag(S(FloquetPort1:2,FloquetPort1:2)))^2 +(mag(S(FloquetPort2:2,FloquetPort1:2)))^2)'}",,,90.0
c199213c-d8c0-11ef-aefe-047c16a08772,2025-01-22,30,meta-atom_cross_01_datageneration_v2,cross_01_freq_reflect_v2,HFSSDesign1,Reflective,"{'conductor': {'thickness': 0.035, 'material': 'copper'}, 'conductor2': {'thickness': 0, 'material': 'pec'}, 'substrate': {'thickness': 0.508, 'material': 'Rogers RT/duroid 5880 (tm)'}}","['arm_w', 'arm_l', 'zSize', 'zSustrato', 'Sustrato']","[1.438, 3.7, 0.035, 0.508, 5.03]",mm,30.0,,"{'ReflectanceTE': '(mag(S(FloquetPort1:1,FloquetPort1:1)))^2', 'ReflectanceTM': '(mag(S(FloquetPort1:2,FloquetPort1:2)))^2', 'TransmittanceTE': '(mag(S(FloquetPort2:1,FloquetPort1:1)))^2', 'TransmittanceTM': '(mag(S(FloquetPort2:2,FloquetPort1:2)))^2', 'AbsorbanceTE': '1-((mag(S(FloquetPort1:1,FloquetPort1:1)))^2 +(mag(S(FloquetPort2:1,FloquetPort1:1)))^2)', 'AbsorbanceTM': '1-((mag(S(FloquetPort1:2,FloquetPort1:2)))^2 +(mag(S(FloquetPort2:2,FloquetPort1:2)))^2)'}",,,90.0
c199213c-d8c0-11ef-aefe-047c16a08772,2025-01-22,31,meta-atom_cross_01_datageneration_v2,cross_01_freq_reflect_v2,HFSSDesign1,Reflective,"{'conductor': {'thickness': 0.035, 'material': 'copper'}, 'conductor2': {'thickness': 0, 'material': 'pec'}, 'substrate': {'thickness': 0.508, 'material': 'Rogers RT/duroid 5880 (tm)'}}","['arm_w', 'arm_l', 'zSize', 'zSustrato', 'Sustrato']","[1.354, 3.7, 0.035, 0.508, 4.91]",mm,30.0,,"{'ReflectanceTE': '(mag(S(FloquetPort1:1,FloquetPort1:1)))^2', 'ReflectanceTM': '(mag(S(FloquetPort1:2,FloquetPort1:2)))^2', 'TransmittanceTE': '(mag(S(FloquetPort2:1,FloquetPort1:1)))^2', 'TransmittanceTM': '(mag(S(FloquetPort2:2,FloquetPort1:2)))^2', 'AbsorbanceTE': '1-((mag(S(FloquetPort1:1,FloquetPort1:1)))^2 +(mag(S(FloquetPort2:1,FloquetPort1:1)))^2)', 'AbsorbanceTM': '1-((mag(S(FloquetPort1:2,FloquetPort1:2)))^2 +(mag(S(FloquetPort2:2,FloquetPort1:2)))^2)'}",,,90.0
c199213c-d8c0-11ef-aefe-047c16a08772,2025-01-22,32,meta-atom_cross_01_datageneration_v2,cross_01_freq_reflect_v2,HFSSDesign1,Reflective,"{'conductor': {'thickness': 0.035, 'material': 'copper'}, 'conductor2': {'thickness': 0, 'material': 'pec'}, 'substrate': {'thickness': 0.508, 'material': 'Rogers RT/duroid 5880 (tm)'}}","['arm_w', 'arm_l', 'zSize', 'zSustrato', 'Sustrato']","[1.403, 3.7, 0.035, 0.508, 4.963]",mm,30.0,,"{'ReflectanceTE': '(mag(S(FloquetPort1:1,FloquetPort1:1)))^2', 'ReflectanceTM': '(mag(S(FloquetPort1:2,FloquetPort1:2)))^2', 'TransmittanceTE': '(mag(S(FloquetPort2:1,FloquetPort1:1)))^2', 'TransmittanceTM': '(mag(S(FloquetPort2:2,FloquetPort1:2)))^2', 'AbsorbanceTE': '1-((mag(S(FloquetPort1:1,FloquetPort1:1)))^2 +(mag(S(FloquetPort2:1,FloquetPort1:1)))^2)', 'AbsorbanceTM': '1-((mag(S(FloquetPort1:2,FloquetPort1:2)))^2 +(mag(S(FloquetPort2:2,FloquetPort1:2)))^2)'}",,,90.0
c199213c-d8c0-11ef-aefe-047c16a08772,2025-01-22,33,meta-atom_cross_01_datageneration_v2,cross_01_freq_reflect_v2,HFSSDesign1,Reflective,"{'conductor': {'thickness': 0.035, 'material': 'copper'}, 'conductor2': {'thickness': 0, 'material': 'pec'}, 'substrate': {'thickness': 0.508, 'material': 'Rogers RT/duroid 5880 (tm)'}}","['arm_w', 'arm_l', 'zSize', 'zSustrato', 'Sustrato']","[1.349, 3.7, 0.035, 0.508, 5.051]",mm,30.0,,"{'ReflectanceTE': '(mag(S(FloquetPort1:1,FloquetPort1:1)))^2', 'ReflectanceTM': '(mag(S(FloquetPort1:2,FloquetPort1:2)))^2', 'TransmittanceTE': '(mag(S(FloquetPort2:1,FloquetPort1:1)))^2', 'TransmittanceTM': '(mag(S(FloquetPort2:2,FloquetPort1:2)))^2', 'AbsorbanceTE': '1-((mag(S(FloquetPort1:1,FloquetPort1:1)))^2 +(mag(S(FloquetPort2:1,FloquetPort1:1)))^2)', 'AbsorbanceTM': '1-((mag(S(FloquetPort1:2,FloquetPort1:2)))^2 +(mag(S(FloquetPort2:2,FloquetPort1:2)))^2)'}",,,90.0
c199213c-d8c0-11ef-aefe-047c16a08772,2025-01-22,34,meta-atom_cross_01_datageneration_v2,cross_01_freq_reflect_v2,HFSSDesign1,Reflective,"{'conductor': {'thickness': 0.035, 'material': 'copper'}, 'conductor2': {'thickness': 0, 'material': 'pec'}, 'substrate': {'thickness': 0.508, 'material': 'Rogers RT/duroid 5880 (tm)'}}","['arm_w', 'arm_l', 'zSize', 'zSustrato', 'Sustrato']","[1.375, 3.7, 0.035, 0.508, 4.941]",mm,30.0,,"{'ReflectanceTE': '(mag(S(FloquetPort1:1,FloquetPort1:1)))^2', 'ReflectanceTM': '(mag(S(FloquetPort1:2,FloquetPort1:2)))^2', 'TransmittanceTE': '(mag(S(FloquetPort2:1,FloquetPort1:1)))^2', 'TransmittanceTM': '(mag(S(FloquetPort2:2,FloquetPort1:2)))^2', 'AbsorbanceTE': '1-((mag(S(FloquetPort1:1,FloquetPort1:1)))^2 +(mag(S(FloquetPort2:1,FloquetPort1:1)))^2)', 'AbsorbanceTM': '1-((mag(S(FloquetPort1:2,FloquetPort1:2)))^2 +(mag(S(FloquetPort2:2,FloquetPort1:2)))^2)'}",,,90.0
c199213c-d8c0-11ef-aefe-047c16a08772,2025-01-22,35,meta-atom_cross_01_datageneration_v2,cross_01_freq_reflect_v2,HFSSDesign1,Reflective,"{'conductor': {'thickness': 0.035, 'material': 'copper'}, 'conductor2': {'thickness': 0, 'material': 'pec'}, 'substrate': {'thickness': 0.508, 'material': 'Rogers RT/duroid 5880 (tm)'}}","['arm_w', 'arm_l', 'zSize', 'zSustrato', 'Sustrato']","[1.264, 3.7, 0.035, 0.508, 4.95]",mm,30.0,,"{'ReflectanceTE': '(mag(S(FloquetPort1:1,FloquetPort1:1)))^2', 'ReflectanceTM': '(mag(S(FloquetPort1:2,FloquetPort1:2)))^2', 'TransmittanceTE': '(mag(S(FloquetPort2:1,FloquetPort1:1)))^2', 'TransmittanceTM': '(mag(S(FloquetPort2:2,FloquetPort1:2)))^2', 'AbsorbanceTE': '1-((mag(S(FloquetPort1:1,FloquetPort1:1)))^2 +(mag(S(FloquetPort2:1,FloquetPort1:1)))^2)', 'AbsorbanceTM': '1-((mag(S(FloquetPort1:2,FloquetPort1:2)))^2 +(mag(S(FloquetPort2:2,FloquetPort1:2)))^2)'}",,,90.0
c199213c-d8c0-11ef-aefe-047c16a08772,2025-01-22,36,meta-atom_cross_01_datageneration_v2,cross_01_freq_reflect_v2,HFSSDesign1,Reflective,"{'conductor': {'thickness': 0.035, 'material': 'copper'}, 'conductor2': {'thickness': 0, 'material': 'pec'}, 'substrate': {'thickness': 0.508, 'material': 'Rogers RT/duroid 5880 (tm)'}}","['arm_w', 'arm_l', 'zSize', 'zSustrato', 'Sustrato']","[1.363, 3.7, 0.035, 0.508, 5.105]",mm,30.0,,"{'ReflectanceTE': '(mag(S(FloquetPort1:1,FloquetPort1:1)))^2', 'ReflectanceTM': '(mag(S(FloquetPort1:2,FloquetPort1:2)))^2', 'TransmittanceTE': '(mag(S(FloquetPort2:1,FloquetPort1:1)))^2', 'TransmittanceTM': '(mag(S(FloquetPort2:2,FloquetPort1:2)))^2', 'AbsorbanceTE': '1-((mag(S(FloquetPort1:1,FloquetPort1:1)))^2 +(mag(S(FloquetPort2:1,FloquetPort1:1)))^2)', 'AbsorbanceTM': '1-((mag(S(FloquetPort1:2,FloquetPort1:2)))^2 +(mag(S(FloquetPort2:2,FloquetPort1:2)))^2)'}",,,90.0
c199213c-d8c0-11ef-aefe-047c16a08772,2025-01-22,37,meta-atom_cross_01_datageneration_v2,cross_01_freq_reflect_v2,HFSSDesign1,Reflective,"{'conductor': {'thickness': 0.035, 'material': 'copper'}, 'conductor2': {'thickness': 0, 'material': 'pec'}, 'substrate': {'thickness': 0.508, 'material': 'Rogers RT/duroid 5880 (tm)'}}","['arm_w', 'arm_l', 'zSize', 'zSustrato', 'Sustrato']","[1.439, 3.7, 0.035, 0.508, 5.117]",mm,30.0,,"{'ReflectanceTE': '(mag(S(FloquetPort1:1,FloquetPort1:1)))^2', 'ReflectanceTM': '(mag(S(FloquetPort1:2,FloquetPort1:2)))^2', 'TransmittanceTE': '(mag(S(FloquetPort2:1,FloquetPort1:1)))^2', 'TransmittanceTM': '(mag(S(FloquetPort2:2,FloquetPort1:2)))^2', 'AbsorbanceTE': '1-((mag(S(FloquetPort1:1,FloquetPort1:1)))^2 +(mag(S(FloquetPort2:1,FloquetPort1:1)))^2)', 'AbsorbanceTM': '1-((mag(S(FloquetPort1:2,FloquetPort1:2)))^2 +(mag(S(FloquetPort2:2,FloquetPort1:2)))^2)'}",,,90.0
c199213c-d8c0-11ef-aefe-047c16a08772,2025-01-22,38,meta-atom_cross_01_datageneration_v2,cross_01_freq_reflect_v2,HFSSDesign1,Reflective,"{'conductor': {'thickness': 0.035, 'material': 'copper'}, 'conductor2': {'thickness': 0, 'material': 'pec'}, 'substrate': {'thickness': 0.508, 'material': 'Rogers RT/duroid 5880 (tm)'}}","['arm_w', 'arm_l', 'zSize', 'zSustrato', 'Sustrato']","[1.252, 3.7, 0.035, 0.508, 5.071]",mm,30.0,,"{'ReflectanceTE': '(mag(S(FloquetPort1:1,FloquetPort1:1)))^2', 'ReflectanceTM': '(mag(S(FloquetPort1:2,FloquetPort1:2)))^2', 'TransmittanceTE': '(mag(S(FloquetPort2:1,FloquetPort1:1)))^2', 'TransmittanceTM': '(mag(S(FloquetPort2:2,FloquetPort1:2)))^2', 'AbsorbanceTE': '1-((mag(S(FloquetPort1:1,FloquetPort1:1)))^2 +(mag(S(FloquetPort2:1,FloquetPort1:1)))^2)', 'AbsorbanceTM': '1-((mag(S(FloquetPort1:2,FloquetPort1:2)))^2 +(mag(S(FloquetPort2:2,FloquetPort1:2)))^2)'}",,,90.0
c199213c-d8c0-11ef-aefe-047c16a08772,2025-01-22,39,meta-atom_cross_01_datageneration_v2,cross_01_freq_reflect_v2,HFSSDesign1,Reflective,"{'conductor': {'thickness': 0.035, 'material': 'copper'}, 'conductor2': {'thickness': 0, 'material': 'pec'}, 'substrate': {'thickness': 0.508, 'material': 'Rogers RT/duroid 5880 (tm)'}}","['arm_w', 'arm_l', 'zSize', 'zSustrato', 'Sustrato']","[1.232, 3.7, 0.035, 0.508, 5.126]",mm,30.0,,"{'ReflectanceTE': '(mag(S(FloquetPort1:1,FloquetPort1:1)))^2', 'ReflectanceTM': '(mag(S(FloquetPort1:2,FloquetPort1:2)))^2', 'TransmittanceTE': '(mag(S(FloquetPort2:1,FloquetPort1:1)))^2', 'TransmittanceTM': '(mag(S(FloquetPort2:2,FloquetPort1:2)))^2', 'AbsorbanceTE': '1-((mag(S(FloquetPort1:1,FloquetPort1:1)))^2 +(mag(S(FloquetPort2:1,FloquetPort1:1)))^2)', 'AbsorbanceTM': '1-((mag(S(FloquetPort1:2,FloquetPort1:2)))^2 +(mag(S(FloquetPort2:2,FloquetPort1:2)))^2)'}",,,90.0
c199213c-d8c0-11ef-aefe-047c16a08772,2025-01-22,40,meta-atom_cross_01_datageneration_v2,cross_01_freq_reflect_v2,HFSSDesign1,Reflective,"{'conductor': {'thickness': 0.035, 'material': 'copper'}, 'conductor2': {'thickness': 0, 'material': 'pec'}, 'substrate': {'thickness': 0.508, 'material': 'Rogers RT/duroid 5880 (tm)'}}","['arm_w', 'arm_l', 'zSize', 'zSustrato', 'Sustrato']","[1.408, 3.7, 0.035, 0.508, 4.96]",mm,30.0,,"{'ReflectanceTE': '(mag(S(FloquetPort1:1,FloquetPort1:1)))^2', 'ReflectanceTM': '(mag(S(FloquetPort1:2,FloquetPort1:2)))^2', 'TransmittanceTE': '(mag(S(FloquetPort2:1,FloquetPort1:1)))^2', 'TransmittanceTM': '(mag(S(FloquetPort2:2,FloquetPort1:2)))^2', 'AbsorbanceTE': '1-((mag(S(FloquetPort1:1,FloquetPort1:1)))^2 +(mag(S(FloquetPort2:1,FloquetPort1:1)))^2)', 'AbsorbanceTM': '1-((mag(S(FloquetPort1:2,FloquetPort1:2)))^2 +(mag(S(FloquetPort2:2,FloquetPort1:2)))^2)'}",,,90.0
c199213c-d8c0-11ef-aefe-047c16a08772,2025-01-22,41,meta-atom_cross_01_datageneration_v2,cross_01_freq_reflect_v2,HFSSDesign1,Reflective,"{'conductor': {'thickness': 0.035, 'material': 'copper'}, 'conductor2': {'thickness': 0, 'material': 'pec'}, 'substrate': {'thickness': 0.508, 'material': 'Rogers RT/duroid 5880 (tm)'}}","['arm_w', 'arm_l', 'zSize', 'zSustrato', 'Sustrato']","[1.449, 3.7, 0.035, 0.508, 4.861]",mm,30.0,,"{'ReflectanceTE': '(mag(S(FloquetPort1:1,FloquetPort1:1)))^2', 'ReflectanceTM': '(mag(S(FloquetPort1:2,FloquetPort1:2)))^2', 'TransmittanceTE': '(mag(S(FloquetPort2:1,FloquetPort1:1)))^2', 'TransmittanceTM': '(mag(S(FloquetPort2:2,FloquetPort1:2)))^2', 'AbsorbanceTE': '1-((mag(S(FloquetPort1:1,FloquetPort1:1)))^2 +(mag(S(FloquetPort2:1,FloquetPort1:1)))^2)', 'AbsorbanceTM': '1-((mag(S(FloquetPort1:2,FloquetPort1:2)))^2 +(mag(S(FloquetPort2:2,FloquetPort1:2)))^2)'}",,,90.0
c199213c-d8c0-11ef-aefe-047c16a08772,2025-01-22,42,meta-atom_cross_01_datageneration_v2,cross_01_freq_reflect_v2,HFSSDesign1,Reflective,"{'conductor': {'thickness': 0.035, 'material': 'copper'}, 'conductor2': {'thickness': 0, 'material': 'pec'}, 'substrate': {'thickness': 0.508, 'material': 'Rogers RT/duroid 5880 (tm)'}}","['arm_w', 'arm_l', 'zSize', 'zSustrato', 'Sustrato']","[1.453, 3.7, 0.035, 0.508, 4.989]",mm,30.0,,"{'ReflectanceTE': '(mag(S(FloquetPort1:1,FloquetPort1:1)))^2', 'ReflectanceTM': '(mag(S(FloquetPort1:2,FloquetPort1:2)))^2', 'TransmittanceTE': '(mag(S(FloquetPort2:1,FloquetPort1:1)))^2', 'TransmittanceTM': '(mag(S(FloquetPort2:2,FloquetPort1:2)))^2', 'AbsorbanceTE': '1-((mag(S(FloquetPort1:1,FloquetPort1:1)))^2 +(mag(S(FloquetPort2:1,FloquetPort1:1)))^2)', 'AbsorbanceTM': '1-((mag(S(FloquetPort1:2,FloquetPort1:2)))^2 +(mag(S(FloquetPort2:2,FloquetPort1:2)))^2)'}",,,90.0
c199213c-d8c0-11ef-aefe-047c16a08772,2025-01-22,43,meta-atom_cross_01_datageneration_v2,cross_01_freq_reflect_v2,HFSSDesign1,Reflective,"{'conductor': {'thickness': 0.035, 'material': 'copper'}, 'conductor2': {'thickness': 0, 'material': 'pec'}, 'substrate': {'thickness': 0.508, 'material': 'Rogers RT/duroid 5880 (tm)'}}","['arm_w', 'arm_l', 'zSize', 'zSustrato', 'Sustrato']","[1.216, 3.7, 0.035, 0.508, 4.964]",mm,30.0,,"{'ReflectanceTE': '(mag(S(FloquetPort1:1,FloquetPort1:1)))^2', 'ReflectanceTM': '(mag(S(FloquetPort1:2,FloquetPort1:2)))^2', 'TransmittanceTE': '(mag(S(FloquetPort2:1,FloquetPort1:1)))^2', 'TransmittanceTM': '(mag(S(FloquetPort2:2,FloquetPort1:2)))^2', 'AbsorbanceTE': '1-((mag(S(FloquetPort1:1,FloquetPort1:1)))^2 +(mag(S(FloquetPort2:1,FloquetPort1:1)))^2)', 'AbsorbanceTM': '1-((mag(S(FloquetPort1:2,FloquetPort1:2)))^2 +(mag(S(FloquetPort2:2,FloquetPort1:2)))^2)'}",,,90.0
c199213c-d8c0-11ef-aefe-047c16a08772,2025-01-22,44,meta-atom_cross_01_datageneration_v2,cross_01_freq_reflect_v2,HFSSDesign1,Reflective,"{'conductor': {'thickness': 0.035, 'material': 'copper'}, 'conductor2': {'thickness': 0, 'material': 'pec'}, 'substrate': {'thickness': 0.508, 'material': 'Rogers RT/duroid 5880 (tm)'}}","['arm_w', 'arm_l', 'zSize', 'zSustrato', 'Sustrato']","[1.464, 3.7, 0.035, 0.508, 5.05]",mm,30.0,,"{'ReflectanceTE': '(mag(S(FloquetPort1:1,FloquetPort1:1)))^2', 'ReflectanceTM': '(mag(S(FloquetPort1:2,FloquetPort1:2)))^2', 'TransmittanceTE': '(mag(S(FloquetPort2:1,FloquetPort1:1)))^2', 'TransmittanceTM': '(mag(S(FloquetPort2:2,FloquetPort1:2)))^2', 'AbsorbanceTE': '1-((mag(S(FloquetPort1:1,FloquetPort1:1)))^2 +(mag(S(FloquetPort2:1,FloquetPort1:1)))^2)', 'AbsorbanceTM': '1-((mag(S(FloquetPort1:2,FloquetPort1:2)))^2 +(mag(S(FloquetPort2:2,FloquetPort1:2)))^2)'}",,,90.0
c199213c-d8c0-11ef-aefe-047c16a08772,2025-01-22,45,meta-atom_cross_01_datageneration_v2,cross_01_freq_reflect_v2,HFSSDesign1,Reflective,"{'conductor': {'thickness': 0.035, 'material': 'copper'}, 'conductor2': {'thickness': 0, 'material': 'pec'}, 'substrate': {'thickness': 0.508, 'material': 'Rogers RT/duroid 5880 (tm)'}}","['arm_w', 'arm_l', 'zSize', 'zSustrato', 'Sustrato']","[1.374, 3.7, 0.035, 0.508, 5.023]",mm,30.0,,"{'ReflectanceTE': '(mag(S(FloquetPort1:1,FloquetPort1:1)))^2', 'ReflectanceTM': '(mag(S(FloquetPort1:2,FloquetPort1:2)))^2', 'TransmittanceTE': '(mag(S(FloquetPort2:1,FloquetPort1:1)))^2', 'TransmittanceTM': '(mag(S(FloquetPort2:2,FloquetPort1:2)))^2', 'AbsorbanceTE': '1-((mag(S(FloquetPort1:1,FloquetPort1:1)))^2 +(mag(S(FloquetPort2:1,FloquetPort1:1)))^2)', 'AbsorbanceTM': '1-((mag(S(FloquetPort1:2,FloquetPort1:2)))^2 +(mag(S(FloquetPort2:2,FloquetPort1:2)))^2)'}",,,90.0
c199213c-d8c0-11ef-aefe-047c16a08772,2025-01-22,46,meta-atom_cross_01_datageneration_v2,cross_01_freq_reflect_v2,HFSSDesign1,Reflective,"{'conductor': {'thickness': 0.035, 'material': 'copper'}, 'conductor2': {'thickness': 0, 'material': 'pec'}, 'substrate': {'thickness': 0.508, 'material': 'Rogers RT/duroid 5880 (tm)'}}","['arm_w', 'arm_l', 'zSize', 'zSustrato', 'Sustrato']","[1.276, 3.7, 0.035, 0.508, 4.899]",mm,30.0,,"{'ReflectanceTE': '(mag(S(FloquetPort1:1,FloquetPort1:1)))^2', 'ReflectanceTM': '(mag(S(FloquetPort1:2,FloquetPort1:2)))^2', 'TransmittanceTE': '(mag(S(FloquetPort2:1,FloquetPort1:1)))^2', 'TransmittanceTM': '(mag(S(FloquetPort2:2,FloquetPort1:2)))^2', 'AbsorbanceTE': '1-((mag(S(FloquetPort1:1,FloquetPort1:1)))^2 +(mag(S(FloquetPort2:1,FloquetPort1:1)))^2)', 'AbsorbanceTM': '1-((mag(S(FloquetPort1:2,FloquetPort1:2)))^2 +(mag(S(FloquetPort2:2,FloquetPort1:2)))^2)'}",,,90.0
c199213c-d8c0-11ef-aefe-047c16a08772,2025-01-22,47,meta-atom_cross_01_datageneration_v2,cross_01_freq_reflect_v2,HFSSDesign1,Reflective,"{'conductor': {'thickness': 0.035, 'material': 'copper'}, 'conductor2': {'thickness': 0, 'material': 'pec'}, 'substrate': {'thickness': 0.508, 'material': 'Rogers RT/duroid 5880 (tm)'}}","['arm_w', 'arm_l', 'zSize', 'zSustrato', 'Sustrato']","[1.329, 3.7, 0.035, 0.508, 4.869]",mm,30.0,,"{'ReflectanceTE': '(mag(S(FloquetPort1:1,FloquetPort1:1)))^2', 'ReflectanceTM': '(mag(S(FloquetPort1:2,FloquetPort1:2)))^2', 'TransmittanceTE': '(mag(S(FloquetPort2:1,FloquetPort1:1)))^2', 'TransmittanceTM': '(mag(S(FloquetPort2:2,FloquetPort1:2)))^2', 'AbsorbanceTE': '1-((mag(S(FloquetPort1:1,FloquetPort1:1)))^2 +(mag(S(FloquetPort2:1,FloquetPort1:1)))^2)', 'AbsorbanceTM': '1-((mag(S(FloquetPort1:2,FloquetPort1:2)))^2 +(mag(S(FloquetPort2:2,FloquetPort1:2)))^2)'}",,,90.0
c199213c-d8c0-11ef-aefe-047c16a08772,2025-01-22,48,meta-atom_cross_01_datageneration_v2,cross_01_freq_reflect_v2,HFSSDesign1,Reflective,"{'conductor': {'thickness': 0.035, 'material': 'copper'}, 'conductor2': {'thickness': 0, 'material': 'pec'}, 'substrate': {'thickness': 0.508, 'material': 'Rogers RT/duroid 5880 (tm)'}}","['arm_w', 'arm_l', 'zSize', 'zSustrato', 'Sustrato']","[1.23, 3.7, 0.035, 0.508, 4.974]",mm,30.0,,"{'ReflectanceTE': '(mag(S(FloquetPort1:1,FloquetPort1:1)))^2', 'ReflectanceTM': '(mag(S(FloquetPort1:2,FloquetPort1:2)))^2', 'TransmittanceTE': '(mag(S(FloquetPort2:1,FloquetPort1:1)))^2', 'TransmittanceTM': '(mag(S(FloquetPort2:2,FloquetPort1:2)))^2', 'AbsorbanceTE': '1-((mag(S(FloquetPort1:1,FloquetPort1:1)))^2 +(mag(S(FloquetPort2:1,FloquetPort1:1)))^2)', 'AbsorbanceTM': '1-((mag(S(FloquetPort1:2,FloquetPort1:2)))^2 +(mag(S(FloquetPort2:2,FloquetPort1:2)))^2)'}",,,90.0
c199213c-d8c0-11ef-aefe-047c16a08772,2025-01-22,49,meta-atom_cross_01_datageneration_v2,cross_01_freq_reflect_v2,HFSSDesign1,Reflective,"{'conductor': {'thickness': 0.035, 'material': 'copper'}, 'conductor2': {'thickness': 0, 'material': 'pec'}, 'substrate': {'thickness': 0.508, 'material': 'Rogers RT/duroid 5880 (tm)'}}","['arm_w', 'arm_l', 'zSize', 'zSustrato', 'Sustrato']","[1.289, 3.7, 0.035, 0.508, 5.099]",mm,30.0,,"{'ReflectanceTE': '(mag(S(FloquetPort1:1,FloquetPort1:1)))^2', 'ReflectanceTM': '(mag(S(FloquetPort1:2,FloquetPort1:2)))^2', 'TransmittanceTE': '(mag(S(FloquetPort2:1,FloquetPort1:1)))^2', 'TransmittanceTM': '(mag(S(FloquetPort2:2,FloquetPort1:2)))^2', 'AbsorbanceTE': '1-((mag(S(FloquetPort1:1,FloquetPort1:1)))^2 +(mag(S(FloquetPort2:1,FloquetPort1:1)))^2)', 'AbsorbanceTM': '1-((mag(S(FloquetPort1:2,FloquetPort1:2)))^2 +(mag(S(FloquetPort2:2,FloquetPort1:2)))^2)'}",,,90.0
c199213c-d8c0-11ef-aefe-047c16a08772,2025-01-22,50,meta-atom_cross_01_datageneration_v2,cross_01_freq_reflect_v2,HFSSDesign1,Reflective,"{'conductor': {'thickness': 0.035, 'material': 'copper'}, 'conductor2': {'thickness': 0, 'material': 'pec'}, 'substrate': {'thickness': 0.508, 'material': 'Rogers RT/duroid 5880 (tm)'}}","['arm_w', 'arm_l', 'zSize', 'zSustrato', 'Sustrato']","[1.319, 3.7, 0.035, 0.508, 4.853]",mm,30.0,,"{'ReflectanceTE': '(mag(S(FloquetPort1:1,FloquetPort1:1)))^2', 'ReflectanceTM': '(mag(S(FloquetPort1:2,FloquetPort1:2)))^2', 'TransmittanceTE': '(mag(S(FloquetPort2:1,FloquetPort1:1)))^2', 'TransmittanceTM': '(mag(S(FloquetPort2:2,FloquetPort1:2)))^2', 'AbsorbanceTE': '1-((mag(S(FloquetPort1:1,FloquetPort1:1)))^2 +(mag(S(FloquetPort2:1,FloquetPort1:1)))^2)', 'AbsorbanceTM': '1-((mag(S(FloquetPort1:2,FloquetPort1:2)))^2 +(mag(S(FloquetPort2:2,FloquetPort1:2)))^2)'}",,,90.0
c199213c-d8c0-11ef-aefe-047c16a08772,2025-01-22,51,meta-atom_cross_01_datageneration_v2,cross_01_freq_reflect_v2,HFSSDesign1,Reflective,"{'conductor': {'thickness': 0.035, 'material': 'copper'}, 'conductor2': {'thickness': 0, 'material': 'pec'}, 'substrate': {'thickness': 0.508, 'material': 'Rogers RT/duroid 5880 (tm)'}}","['arm_w', 'arm_l', 'zSize', 'zSustrato', 'Sustrato']","[1.401, 3.7, 0.035, 0.508, 5.124]",mm,30.0,,"{'ReflectanceTE': '(mag(S(FloquetPort1:1,FloquetPort1:1)))^2', 'ReflectanceTM': '(mag(S(FloquetPort1:2,FloquetPort1:2)))^2', 'TransmittanceTE': '(mag(S(FloquetPort2:1,FloquetPort1:1)))^2', 'TransmittanceTM': '(mag(S(FloquetPort2:2,FloquetPort1:2)))^2', 'AbsorbanceTE': '1-((mag(S(FloquetPort1:1,FloquetPort1:1)))^2 +(mag(S(FloquetPort2:1,FloquetPort1:1)))^2)', 'AbsorbanceTM': '1-((mag(S(FloquetPort1:2,FloquetPort1:2)))^2 +(mag(S(FloquetPort2:2,FloquetPort1:2)))^2)'}",,,90.0
c199213c-d8c0-11ef-aefe-047c16a08772,2025-01-22,52,meta-atom_cross_01_datageneration_v2,cross_01_freq_reflect_v2,HFSSDesign1,Reflective,"{'conductor': {'thickness': 0.035, 'material': 'copper'}, 'conductor2': {'thickness': 0, 'material': 'pec'}, 'substrate': {'thickness': 0.508, 'material': 'Rogers RT/duroid 5880 (tm)'}}","['arm_w', 'arm_l', 'zSize', 'zSustrato', 'Sustrato']","[1.46, 3.7, 0.035, 0.508, 4.985]",mm,30.0,,"{'ReflectanceTE': '(mag(S(FloquetPort1:1,FloquetPort1:1)))^2', 'ReflectanceTM': '(mag(S(FloquetPort1:2,FloquetPort1:2)))^2', 'TransmittanceTE': '(mag(S(FloquetPort2:1,FloquetPort1:1)))^2', 'TransmittanceTM': '(mag(S(FloquetPort2:2,FloquetPort1:2)))^2', 'AbsorbanceTE': '1-((mag(S(FloquetPort1:1,FloquetPort1:1)))^2 +(mag(S(FloquetPort2:1,FloquetPort1:1)))^2)', 'AbsorbanceTM': '1-((mag(S(FloquetPort1:2,FloquetPort1:2)))^2 +(mag(S(FloquetPort2:2,FloquetPort1:2)))^2)'}",,,90.0
c199213c-d8c0-11ef-aefe-047c16a08772,2025-01-22,53,meta-atom_cross_01_datageneration_v2,cross_01_freq_reflect_v2,HFSSDesign1,Reflective,"{'conductor': {'thickness': 0.035, 'material': 'copper'}, 'conductor2': {'thickness': 0, 'material': 'pec'}, 'substrate': {'thickness': 0.508, 'material': 'Rogers RT/duroid 5880 (tm)'}}","['arm_w', 'arm_l', 'zSize', 'zSustrato', 'Sustrato']","[1.258, 3.7, 0.035, 0.508, 4.854]",mm,30.0,,"{'ReflectanceTE': '(mag(S(FloquetPort1:1,FloquetPort1:1)))^2', 'ReflectanceTM': '(mag(S(FloquetPort1:2,FloquetPort1:2)))^2', 'TransmittanceTE': '(mag(S(FloquetPort2:1,FloquetPort1:1)))^2', 'TransmittanceTM': '(mag(S(FloquetPort2:2,FloquetPort1:2)))^2', 'AbsorbanceTE': '1-((mag(S(FloquetPort1:1,FloquetPort1:1)))^2 +(mag(S(FloquetPort2:1,FloquetPort1:1)))^2)', 'AbsorbanceTM': '1-((mag(S(FloquetPort1:2,FloquetPort1:2)))^2 +(mag(S(FloquetPort2:2,FloquetPort1:2)))^2)'}",,,90.0
c199213c-d8c0-11ef-aefe-047c16a08772,2025-01-22,54,meta-atom_cross_01_datageneration_v2,cross_01_freq_reflect_v2,HFSSDesign1,Reflective,"{'conductor': {'thickness': 0.035, 'material': 'copper'}, 'conductor2': {'thickness': 0, 'material': 'pec'}, 'substrate': {'thickness': 0.508, 'material': 'Rogers RT/duroid 5880 (tm)'}}","['arm_w', 'arm_l', 'zSize', 'zSustrato', 'Sustrato']","[1.213, 3.7, 0.035, 0.508, 5.049]",mm,30.0,,"{'ReflectanceTE': '(mag(S(FloquetPort1:1,FloquetPort1:1)))^2', 'ReflectanceTM': '(mag(S(FloquetPort1:2,FloquetPort1:2)))^2', 'TransmittanceTE': '(mag(S(FloquetPort2:1,FloquetPort1:1)))^2', 'TransmittanceTM': '(mag(S(FloquetPort2:2,FloquetPort1:2)))^2', 'AbsorbanceTE': '1-((mag(S(FloquetPort1:1,FloquetPort1:1)))^2 +(mag(S(FloquetPort2:1,FloquetPort1:1)))^2)', 'AbsorbanceTM': '1-((mag(S(FloquetPort1:2,FloquetPort1:2)))^2 +(mag(S(FloquetPort2:2,FloquetPort1:2)))^2)'}",,,90.0
c199213c-d8c0-11ef-aefe-047c16a08772,2025-01-22,55,meta-atom_cross_01_datageneration_v2,cross_01_freq_reflect_v2,HFSSDesign1,Reflective,"{'conductor': {'thickness': 0.035, 'material': 'copper'}, 'conductor2': {'thickness': 0, 'material': 'pec'}, 'substrate': {'thickness': 0.508, 'material': 'Rogers RT/duroid 5880 (tm)'}}","['arm_w', 'arm_l', 'zSize', 'zSustrato', 'Sustrato']","[1.481, 3.7, 0.035, 0.508, 4.947]",mm,30.0,,"{'ReflectanceTE': '(mag(S(FloquetPort1:1,FloquetPort1:1)))^2', 'ReflectanceTM': '(mag(S(FloquetPort1:2,FloquetPort1:2)))^2', 'TransmittanceTE': '(mag(S(FloquetPort2:1,FloquetPort1:1)))^2', 'TransmittanceTM': '(mag(S(FloquetPort2:2,FloquetPort1:2)))^2', 'AbsorbanceTE': '1-((mag(S(FloquetPort1:1,FloquetPort1:1)))^2 +(mag(S(FloquetPort2:1,FloquetPort1:1)))^2)', 'AbsorbanceTM': '1-((mag(S(FloquetPort1:2,FloquetPort1:2)))^2 +(mag(S(FloquetPort2:2,FloquetPort1:2)))^2)'}",,,90.0
c199213c-d8c0-11ef-aefe-047c16a08772,2025-01-22,56,meta-atom_cross_01_datageneration_v2,cross_01_freq_reflect_v2,HFSSDesign1,Reflective,"{'conductor': {'thickness': 0.035, 'material': 'copper'}, 'conductor2': {'thickness': 0, 'material': 'pec'}, 'substrate': {'thickness': 0.508, 'material': 'Rogers RT/duroid 5880 (tm)'}}","['arm_w', 'arm_l', 'zSize', 'zSustrato', 'Sustrato']","[1.219, 3.7, 0.035, 0.508, 4.929]",mm,30.0,,"{'ReflectanceTE': '(mag(S(FloquetPort1:1,FloquetPort1:1)))^2', 'ReflectanceTM': '(mag(S(FloquetPort1:2,FloquetPort1:2)))^2', 'TransmittanceTE': '(mag(S(FloquetPort2:1,FloquetPort1:1)))^2', 'TransmittanceTM': '(mag(S(FloquetPort2:2,FloquetPort1:2)))^2', 'AbsorbanceTE': '1-((mag(S(FloquetPort1:1,FloquetPort1:1)))^2 +(mag(S(FloquetPort2:1,FloquetPort1:1)))^2)', 'AbsorbanceTM': '1-((mag(S(FloquetPort1:2,FloquetPort1:2)))^2 +(mag(S(FloquetPort2:2,FloquetPort1:2)))^2)'}",,,90.0
c199213c-d8c0-11ef-aefe-047c16a08772,2025-01-22,57,meta-atom_cross_01_datageneration_v2,cross_01_freq_reflect_v2,HFSSDesign1,Reflective,"{'conductor': {'thickness': 0.035, 'material': 'copper'}, 'conductor2': {'thickness': 0, 'material': 'pec'}, 'substrate': {'thickness': 0.508, 'material': 'Rogers RT/duroid 5880 (tm)'}}","['arm_w', 'arm_l', 'zSize', 'zSustrato', 'Sustrato']","[1.253, 3.7, 0.035, 0.508, 5.148]",mm,30.0,,"{'ReflectanceTE': '(mag(S(FloquetPort1:1,FloquetPort1:1)))^2', 'ReflectanceTM': '(mag(S(FloquetPort1:2,FloquetPort1:2)))^2', 'TransmittanceTE': '(mag(S(FloquetPort2:1,FloquetPort1:1)))^2', 'TransmittanceTM': '(mag(S(FloquetPort2:2,FloquetPort1:2)))^2', 'AbsorbanceTE': '1-((mag(S(FloquetPort1:1,FloquetPort1:1)))^2 +(mag(S(FloquetPort2:1,FloquetPort1:1)))^2)', 'AbsorbanceTM': '1-((mag(S(FloquetPort1:2,FloquetPort1:2)))^2 +(mag(S(FloquetPort2:2,FloquetPort1:2)))^2)'}",,,90.0
c199213c-d8c0-11ef-aefe-047c16a08772,2025-01-22,58,meta-atom_cross_01_datageneration_v2,cross_01_freq_reflect_v2,HFSSDesign1,Reflective,"{'conductor': {'thickness': 0.035, 'material': 'copper'}, 'conductor2': {'thickness': 0, 'material': 'pec'}, 'substrate': {'thickness': 0.508, 'material': 'Rogers RT/duroid 5880 (tm)'}}","['arm_w', 'arm_l', 'zSize', 'zSustrato', 'Sustrato']","[1.308, 3.7, 0.035, 0.508, 5.059]",mm,30.0,,"{'ReflectanceTE': '(mag(S(FloquetPort1:1,FloquetPort1:1)))^2', 'ReflectanceTM': '(mag(S(FloquetPort1:2,FloquetPort1:2)))^2', 'TransmittanceTE': '(mag(S(FloquetPort2:1,FloquetPort1:1)))^2', 'TransmittanceTM': '(mag(S(FloquetPort2:2,FloquetPort1:2)))^2', 'AbsorbanceTE': '1-((mag(S(FloquetPort1:1,FloquetPort1:1)))^2 +(mag(S(FloquetPort2:1,FloquetPort1:1)))^2)', 'AbsorbanceTM': '1-((mag(S(FloquetPort1:2,FloquetPort1:2)))^2 +(mag(S(FloquetPort2:2,FloquetPort1:2)))^2)'}",,,90.0
c199213c-d8c0-11ef-aefe-047c16a08772,2025-01-22,59,meta-atom_cross_01_datageneration_v2,cross_01_freq_reflect_v2,HFSSDesign1,Reflective,"{'conductor': {'thickness': 0.035, 'material': 'copper'}, 'conductor2': {'thickness': 0, 'material': 'pec'}, 'substrate': {'thickness': 0.508, 'material': 'Rogers RT/duroid 5880 (tm)'}}","['arm_w', 'arm_l', 'zSize', 'zSustrato', 'Sustrato']","[1.283, 3.7, 0.035, 0.508, 4.993]",mm,30.0,,"{'ReflectanceTE': '(mag(S(FloquetPort1:1,FloquetPort1:1)))^2', 'ReflectanceTM': '(mag(S(FloquetPort1:2,FloquetPort1:2)))^2', 'TransmittanceTE': '(mag(S(FloquetPort2:1,FloquetPort1:1)))^2', 'TransmittanceTM': '(mag(S(FloquetPort2:2,FloquetPort1:2)))^2', 'AbsorbanceTE': '1-((mag(S(FloquetPort1:1,FloquetPort1:1)))^2 +(mag(S(FloquetPort2:1,FloquetPort1:1)))^2)', 'AbsorbanceTM': '1-((mag(S(FloquetPort1:2,FloquetPort1:2)))^2 +(mag(S(FloquetPort2:2,FloquetPort1:2)))^2)'}",,,90.0
